municipio,pm25,temperatura,humedad,viento
Facatativa,20.233333333333334,17.099999999999998,77.0,2.9
Funza,32.333333333333336,18.53333333333333,69.0,1.5999999999999999
Madrid,25.3,17.833333333333332,73.0,2.1999999999999997
Mosquera,34.56666666666666,18.866666666666664,68.0,1.4000000000000001
